[
  {"model": "services.service", "pk": 1, "fields": {"title": "Animation Anniversaire Classique", "description": "Une animation festive complète pour l'anniversaire de votre enfant. Au programme : jeux collectifs, musique, activités créatives et distribution de cadeaux. L'animateur prend en charge un groupe de jusqu'à 15 enfants et crée une ambiance inoubliable.", "base_price": "180.00", "duration_minutes": 120, "category": "Anniversaire", "is_active": true, "created_at": "2025-01-01T00:00:00Z", "updated_at": "2025-01-01T00:00:00Z"}},
  {"model": "services.service", "pk": 2, "fields": {"title": "Animation Anniversaire Premium", "description": "Notre formule premium pour un anniversaire hors du commun. Inclut une mascotte surprise, des jeux scéniques, un atelier maquillage, une chasse au trésor personnalisée et un spectacle de magie. Idéal pour les grands groupes jusqu'à 25 enfants.", "base_price": "320.00", "duration_minutes": 180, "category": "Anniversaire", "is_active": true, "created_at": "2025-01-01T00:00:00Z", "updated_at": "2025-01-01T00:00:00Z"}},
  {"model": "services.service", "pk": 3, "fields": {"title": "Spectacle de Magie", "description": "Un spectacle de magie interactif et participatif adapté aux enfants de 4 à 12 ans. Tours de magie époustouflants, numéros de close-up et participation des enfants sur scène. Le magicien adapte son show à l'ambiance et à l'âge du public.", "base_price": "220.00", "duration_minutes": 60, "category": "Spectacle", "is_active": true, "created_at": "2025-01-01T00:00:00Z", "updated_at": "2025-01-01T00:00:00Z"}},
  {"model": "services.service", "pk": 4, "fields": {"title": "Atelier Créatif", "description": "Un atelier ludique et éducatif où les enfants créent leur propre œuvre : peinture sur tissu, sculpture en argile, création de bijoux ou fabrication de slime. Chaque enfant repart avec sa création. Matériel fourni, encadrement pédagogique inclus.", "base_price": "150.00", "duration_minutes": 90, "category": "Atelier", "is_active": true, "created_at": "2025-01-01T00:00:00Z", "updated_at": "2025-01-01T00:00:00Z"}},
  {"model": "services.service", "pk": 5, "fields": {"title": "Animation Sportive & Jeux", "description": "Une animation dynamique axée sur le sport et les jeux en plein air ou en salle. Olympiades, relais, parcours d'obstacles, quiz sportifs et tournois. L'animateur adapte les activités au niveau et à l'énergie du groupe.", "base_price": "160.00", "duration_minutes": 120, "category": "Sport", "is_active": true, "created_at": "2025-01-01T00:00:00Z", "updated_at": "2025-01-01T00:00:00Z"}},
  {"model": "services.service", "pk": 6, "fields": {"title": "Escape Game Enfants", "description": "Un escape game immersif conçu spécialement pour les enfants de 6 à 14 ans. Enigmes, codes secrets et défis en équipe pour résoudre le mystère en 45 minutes. Scénarios disponibles : Le trésor du pirate, La forêt enchantée, Mission espace.", "base_price": "250.00", "duration_minutes": 90, "category": "Jeu", "is_active": true, "created_at": "2025-01-01T00:00:00Z", "updated_at": "2025-01-01T00:00:00Z"}},
  {"model": "services.service", "pk": 7, "fields": {"title": "Karaoké & Danse", "description": "Une animation musicale festive avec karaoké, blind test musical, concours de danse et chorégraphies collectives. L'animateur DJ anime la session avec un équipement son et lumière professionnel. Adapté de 6 à 15 ans.", "base_price": "200.00", "duration_minutes": 120, "category": "Musique", "is_active": true, "created_at": "2025-01-01T00:00:00Z", "updated_at": "2025-01-01T00:00:00Z"}},
  {"model": "services.service", "pk": 8, "fields": {"title": "Animation Contes & Théâtre", "description": "Une expérience artistique unique où les enfants deviennent les héros d'une histoire interactive. L'animateur-comédien raconte une aventure et invite les enfants à jouer des rôles, improviser et créer ensemble. Développe l'imagination et la confiance en soi.", "base_price": "170.00", "duration_minutes": 90, "category": "Artistique", "is_active": true, "created_at": "2025-01-01T00:00:00Z", "updated_at": "2025-01-01T00:00:00Z"}},

  {"model": "services.option", "pk": 1,  "fields": {"name": "Mascotte surprise",              "description": "Visite d'une mascotte costumée (lapin, ours, super-héros) pendant 30 min. Photos avec les enfants incluses.",                                            "price": "50.00", "pricing_type": "FIXED",     "is_active": true}},
  {"model": "services.option", "pk": 2,  "fields": {"name": "Gâteau d'anniversaire",           "description": "Gâteau personnalisé livré sur place : prénom de l'enfant, thème au choix (licorne, dinosaure, super-héros, princesse). 12 parts.",                     "price": "45.00", "pricing_type": "FIXED",     "is_active": true}},
  {"model": "services.option", "pk": 3,  "fields": {"name": "Photobooth",                      "description": "Coin photobooth avec accessoires et impression instantanée des photos pour chaque enfant.",                                                              "price": "60.00", "pricing_type": "FIXED",     "is_active": true}},
  {"model": "services.option", "pk": 4,  "fields": {"name": "Sono & Lumières",                 "description": "Équipement son professionnel (enceinte 400W) + jeux de lumières LED et stroboscope.",                                                                   "price": "40.00", "pricing_type": "FIXED",     "is_active": true}},
  {"model": "services.option", "pk": 5,  "fields": {"name": "Décoration thématique",           "description": "Décoration complète de la salle selon un thème choisi : ballons, banderoles, nappes. Thèmes : Jungle, Espace, Princesse, Ninja.",                       "price": "55.00", "pricing_type": "FIXED",     "is_active": true}},
  {"model": "services.option", "pk": 6,  "fields": {"name": "Chasse au trésor scénarisée",     "description": "Scénario personnalisé avec le prénom de l'enfant, carte au trésor, énigmes adaptées à l'âge, coffre surprise à la fin.",                               "price": "35.00", "pricing_type": "FIXED",     "is_active": true}},
  {"model": "services.option", "pk": 7,  "fields": {"name": "Atelier maquillage",              "description": "Maquillage artistique réalisé par l'animateur. Produits certifiés hypoallergéniques.",                                                                   "price": "30.00", "pricing_type": "FIXED",     "is_active": true}},
  {"model": "services.option", "pk": 8,  "fields": {"name": "Sachet cadeau invités",           "description": "Sachet surprise pour chaque invité : bonbons, petits jouets, stickers, crayon personnalisé.",                                                            "price":  "5.00", "pricing_type": "PER_CHILD", "is_active": true}},
  {"model": "services.option", "pk": 9,  "fields": {"name": "Candy bar",                       "description": "Table de confiseries décorée : bocaux de bonbons, guimauves, sucettes, chocolats. Sac personnalisé pour chaque enfant.",                                 "price":  "8.00", "pricing_type": "PER_CHILD", "is_active": true}},
  {"model": "services.option", "pk": 10, "fields": {"name": "Kit créatif individuel",          "description": "Kit complet pour chaque enfant : peintures, pinceaux, tablier, support à personnaliser. Chaque enfant repart avec sa création.",                        "price":  "6.00", "pricing_type": "PER_CHILD", "is_active": true}},
  {"model": "services.option", "pk": 11, "fields": {"name": "Médaille & diplôme",              "description": "Médaille gravée + diplôme personnalisé pour chaque participant à la fin de l'animation.",                                                               "price":  "3.50", "pricing_type": "PER_CHILD", "is_active": true}},
  {"model": "services.option", "pk": 12, "fields": {"name": "Chapeau de fête",                 "description": "Chapeau de fête personnalisé avec le prénom de chaque enfant.",                                                                                          "price":  "2.00", "pricing_type": "PER_CHILD", "is_active": true}},
  {"model": "services.option", "pk": 13, "fields": {"name": "Heure supplémentaire animateur",  "description": "Extension de la durée de l'animation d'une heure supplémentaire.",                                                                                       "price": "60.00", "pricing_type": "PER_HOUR",  "is_active": true}},
  {"model": "services.option", "pk": 14, "fields": {"name": "Deuxième animateur",              "description": "Ajout d'un deuxième animateur pour les grands groupes (>20 enfants) ou pour une animation plus interactive.",                                            "price": "55.00", "pricing_type": "PER_HOUR",  "is_active": true}},

  {"model": "services.serviceoption", "pk":  1, "fields": {"service": 1, "option":  1}},
  {"model": "services.serviceoption", "pk":  2, "fields": {"service": 1, "option":  2}},
  {"model": "services.serviceoption", "pk":  3, "fields": {"service": 1, "option":  3}},
  {"model": "services.serviceoption", "pk":  4, "fields": {"service": 1, "option":  4}},
  {"model": "services.serviceoption", "pk":  5, "fields": {"service": 1, "option":  5}},
  {"model": "services.serviceoption", "pk":  6, "fields": {"service": 1, "option":  6}},
  {"model": "services.serviceoption", "pk":  7, "fields": {"service": 1, "option":  7}},
  {"model": "services.serviceoption", "pk":  8, "fields": {"service": 1, "option":  8}},
  {"model": "services.serviceoption", "pk":  9, "fields": {"service": 1, "option":  9}},
  {"model": "services.serviceoption", "pk": 10, "fields": {"service": 1, "option": 11}},
  {"model": "services.serviceoption", "pk": 11, "fields": {"service": 1, "option": 12}},
  {"model": "services.serviceoption", "pk": 12, "fields": {"service": 1, "option": 13}},
  {"model": "services.serviceoption", "pk": 13, "fields": {"service": 1, "option": 14}},

  {"model": "services.serviceoption", "pk": 14, "fields": {"service": 2, "option":  2}},
  {"model": "services.serviceoption", "pk": 15, "fields": {"service": 2, "option":  3}},
  {"model": "services.serviceoption", "pk": 16, "fields": {"service": 2, "option":  4}},
  {"model": "services.serviceoption", "pk": 17, "fields": {"service": 2, "option":  5}},
  {"model": "services.serviceoption", "pk": 18, "fields": {"service": 2, "option":  8}},
  {"model": "services.serviceoption", "pk": 19, "fields": {"service": 2, "option":  9}},
  {"model": "services.serviceoption", "pk": 20, "fields": {"service": 2, "option": 11}},
  {"model": "services.serviceoption", "pk": 21, "fields": {"service": 2, "option": 12}},
  {"model": "services.serviceoption", "pk": 22, "fields": {"service": 2, "option": 13}},
  {"model": "services.serviceoption", "pk": 23, "fields": {"service": 2, "option": 14}},

  {"model": "services.serviceoption", "pk": 24, "fields": {"service": 3, "option":  2}},
  {"model": "services.serviceoption", "pk": 25, "fields": {"service": 3, "option":  3}},
  {"model": "services.serviceoption", "pk": 26, "fields": {"service": 3, "option":  4}},
  {"model": "services.serviceoption", "pk": 27, "fields": {"service": 3, "option":  8}},
  {"model": "services.serviceoption", "pk": 28, "fields": {"service": 3, "option": 11}},
  {"model": "services.serviceoption", "pk": 29, "fields": {"service": 3, "option": 13}},

  {"model": "services.serviceoption", "pk": 30, "fields": {"service": 4, "option":  2}},
  {"model": "services.serviceoption", "pk": 31, "fields": {"service": 4, "option":  5}},
  {"model": "services.serviceoption", "pk": 32, "fields": {"service": 4, "option":  8}},
  {"model": "services.serviceoption", "pk": 33, "fields": {"service": 4, "option": 10}},
  {"model": "services.serviceoption", "pk": 34, "fields": {"service": 4, "option": 11}},
  {"model": "services.serviceoption", "pk": 35, "fields": {"service": 4, "option": 12}},
  {"model": "services.serviceoption", "pk": 36, "fields": {"service": 4, "option": 13}},
  {"model": "services.serviceoption", "pk": 37, "fields": {"service": 4, "option": 14}},

  {"model": "services.serviceoption", "pk": 38, "fields": {"service": 5, "option":  2}},
  {"model": "services.serviceoption", "pk": 39, "fields": {"service": 5, "option":  4}},
  {"model": "services.serviceoption", "pk": 40, "fields": {"service": 5, "option":  8}},
  {"model": "services.serviceoption", "pk": 41, "fields": {"service": 5, "option":  9}},
  {"model": "services.serviceoption", "pk": 42, "fields": {"service": 5, "option": 11}},
  {"model": "services.serviceoption", "pk": 43, "fields": {"service": 5, "option": 12}},
  {"model": "services.serviceoption", "pk": 44, "fields": {"service": 5, "option": 13}},
  {"model": "services.serviceoption", "pk": 45, "fields": {"service": 5, "option": 14}},

  {"model": "services.serviceoption", "pk": 46, "fields": {"service": 6, "option":  2}},
  {"model": "services.serviceoption", "pk": 47, "fields": {"service": 6, "option":  3}},
  {"model": "services.serviceoption", "pk": 48, "fields": {"service": 6, "option":  4}},
  {"model": "services.serviceoption", "pk": 49, "fields": {"service": 6, "option":  5}},
  {"model": "services.serviceoption", "pk": 50, "fields": {"service": 6, "option":  8}},
  {"model": "services.serviceoption", "pk": 51, "fields": {"service": 6, "option": 11}},
  {"model": "services.serviceoption", "pk": 52, "fields": {"service": 6, "option": 13}},

  {"model": "services.serviceoption", "pk": 53, "fields": {"service": 7, "option":  2}},
  {"model": "services.serviceoption", "pk": 54, "fields": {"service": 7, "option":  3}},
  {"model": "services.serviceoption", "pk": 55, "fields": {"service": 7, "option":  4}},
  {"model": "services.serviceoption", "pk": 56, "fields": {"service": 7, "option":  5}},
  {"model": "services.serviceoption", "pk": 57, "fields": {"service": 7, "option":  8}},
  {"model": "services.serviceoption", "pk": 58, "fields": {"service": 7, "option":  9}},
  {"model": "services.serviceoption", "pk": 59, "fields": {"service": 7, "option": 11}},
  {"model": "services.serviceoption", "pk": 60, "fields": {"service": 7, "option": 12}},
  {"model": "services.serviceoption", "pk": 61, "fields": {"service": 7, "option": 13}},
  {"model": "services.serviceoption", "pk": 62, "fields": {"service": 7, "option": 14}},

  {"model": "services.serviceoption", "pk": 63, "fields": {"service": 8, "option":  2}},
  {"model": "services.serviceoption", "pk": 64, "fields": {"service": 8, "option":  3}},
  {"model": "services.serviceoption", "pk": 65, "fields": {"service": 8, "option":  5}},
  {"model": "services.serviceoption", "pk": 66, "fields": {"service": 8, "option":  7}},
  {"model": "services.serviceoption", "pk": 67, "fields": {"service": 8, "option":  8}},
  {"model": "services.serviceoption", "pk": 68, "fields": {"service": 8, "option": 11}},
  {"model": "services.serviceoption", "pk": 69, "fields": {"service": 8, "option": 12}},
  {"model": "services.serviceoption", "pk": 70, "fields": {"service": 8, "option": 13}},
  {"model": "services.serviceoption", "pk": 71, "fields": {"service": 8, "option": 14}}
]
